name,price,sku,description
Product 1,210,sgsfgsfg,asdasdasdasdasdasd
Product 2,220,dfgsdfgdfg,asdasdasdasdasdasd
Product 3,230,abcdefsdfgsdg,asdasdasdasdasdasd
Product 4,240,ertgfrgg,asdasdasdasdasdasd
Product 5,250,ertghhyh,asdasdasdasdasdasd
Product 6,260,eearrfhyh,asdasdasdasdasdasd
Product 7,270,ydynhutjj,asdasdasdasdasdasd
Product 8,280,ryryeeefhy,asdasdasdasdasdasd
Product 9,290,rtyjukjyyuk,asdasdasdasdasdasd
Product 10,300,ryjyydjnryui,asdasdasdasdasdasd
Product 11,310,yrhjntuyuwer,asdasdasdasdasdasd
Product 12,320,yyuiukynrthg,asdasdasdasdasdasd
Product 13,330,trttsbyhjyffgj,asdasdasdasdasdasd
Product 14,340,tdtshhhthth,asdasdasdasdasdasd
Product 15,350,weefbujykuim,asdasdasdasdasdasd
Product 16,360,rtyyuurdgzefv,asdasdasdasdasdasd
Product 17,370,ttyjniijdyfhh,asdasdasdasdasdasd
Product 18,380,targwqwvth,asdasdasdasdasdasd
Product 19,390,yjtujwrvsefrfgj,asdasdasdasdasdasd
Product 20,400,ghjtttgetdgbt,asdasdasdasdasdasd